[
  {
    "letter": "あ",
    "picture": {
      "alt": "あ hiragana mnemonic",
      "src": "https://files.tofugu.com/articles/japanese/2014-06-30-learn-hiragana/あ.png"
    },
    "mnemonic": [
      {
        "text": "To remember this kana, find the capital \""
      },
      {
        "code": "A"
      },
      {
        "text": "\" inside of it. This \"A\" will tell you that this kana is also \"a\" aka あ. There is another similar kana, お, but that one doesn't have an \"A\" in it, which is how you can differentiate them."
      }
    ]
  },
  {
    "letter": "い",
    "picture": {
      "alt": "い hiragana mnemonic",
      "src": "https://files.tofugu.com/articles/japanese/2014-06-30-learn-hiragana/い.png"
    },
    "mnemonic": [
      {
        "text": "To remember this kana, just think of a couple of "
      },
      {
        "code": "ee"
      },
      {
        "text": "ls (i) hanging out. They're upright because they're trying to mimic the letter \"i\" which also stands upright and also happens to be the way you spell out this character in romaji."
      }
    ]
  },
  {
    "letter": "う",
    "picture": {
      "alt": "う hiragana mnemonic",
      "src": "https://files.tofugu.com/articles/japanese/2014-06-30-learn-hiragana/う.png"
    },
    "mnemonic": [
      {
        "text": "To remember this kana, notice the \""
      },
      {
        "code": "U"
      },
      {
        "text": "\" shape right in it! It's sideways but it's there, telling you what this kana is."
      }
    ]
  },
  {
    "letter": "え",
    "picture": {
      "alt": "え hiragana mnemonic",
      "src": "https://files.tofugu.com/articles/japanese/2014-06-30-learn-hiragana/え.png"
    },
    "mnemonic": [
      {
        "text": "To remember this kana, think of it like an "
      },
      {
        "code": "e"
      },
      {
        "text": "xotic bird. The big feathery thing on its head gives it away that it's exotic and not normal. It also lays exotic "
      },
      {
        "code": "e"
      },
      {
        "text": "ggs, because it's an exotic bird, after all."
      }
    ]
  },
  {
    "letter": "お",
    "picture": {
      "alt": "お hiragana mnemonic",
      "src": "https://files.tofugu.com/articles/japanese/2014-06-30-learn-hiragana/お.jpg"
    },
    "mnemonic": [
      {
        "text": "Can you see the letter \""
      },
      {
        "code": "o"
      },
      {
        "text": "\" in here, two times? This one looks similar to あ, except for its one key difference: there are two letter \"o\" symbols visible in there. Make sure you use this to differentiate this kana (お) and that similar kana (あ). This is one area of hiragana where a lot of people trip up, but by using this mnemonic you will be able to figure them out every time."
      }
    ]
  },
  {
    "letter": "か",
    "picture": {
      "alt": "か hiragana Mnemonic",
      "src": "https://files.tofugu.com/articles/japanese/2014-06-30-learn-hiragana/か.png"
    },
    "mnemonic": [
      {
        "text": "To remember this, think of someone who's doing the \""
      },
      {
        "code": "Ca"
      },
      {
        "text": "n-"
      },
      {
        "code": "Ca"
      },
      {
        "text": "n\" (ka) dance. The か kana even looks like someone doing the Can-Can."
      }
    ]
  },
  {
    "letter": "き",
    "picture": {
      "alt": "き hiragana mnemonic",
      "src": "https://files.tofugu.com/articles/japanese/2014-06-30-learn-hiragana/き.png"
    },
    "mnemonic": [
      {
        "text": "To remember this, notice how much it resembles a key (ki)."
      }
    ]
  },
  {
    "letter": "く",
    "picture": {
      "alt": "く hiragana mnemonic",
      "src": "https://files.tofugu.com/articles/japanese/2014-06-30-learn-hiragana/く.png"
    },
    "mnemonic": [
      {
        "text": "To remember this, think of this kana being the mouth of a coo-coo/cuckoo (ku) bird popping out saying \"ku ku, ku ku!\""
      }
    ]
  },
  {
    "letter": "け",
    "picture": {
      "alt": "け hiragana mnemonic",
      "src": "https://files.tofugu.com/articles/japanese/2014-06-30-learn-hiragana/け.png"
    },
    "mnemonic": [
      {
        "text": "You'll have to use your imagination here, but this kana looks a lot like a keg. The three dimensional shape that it makes is somewhat "
      },
      {
        "code": "ke"
      },
      {
        "text": "g-like, right?"
      }
    ]
  },
  {
    "letter": "こ",
    "picture": {
      "alt": "こ hiragana mnemonic",
      "src": "https://files.tofugu.com/articles/japanese/2014-06-30-learn-hiragana/こ.png"
    },
    "mnemonic": [
      {
        "text": "Ko is a couple of "
      },
      {
        "code": "co"
      },
      {
        "text": "-habitation (ko) worms. They're so happy together, co-habitating the same area! Alternatively, you could imagine a couple of short "
      },
      {
        "code": "co"
      },
      {
        "text": "rds laying on the ground next to each other."
      }
    ]
  },
  {
    "letter": "さ",
    "picture": {
      "alt": "さ hiragana mnemonic",
      "src": "https://files.tofugu.com/articles/japanese/2014-06-30-learn-hiragana/さ.jpg"
    },
    "mnemonic": [
      {
        "text": "This kana looks like a weird sign (where the \"si\" of \""
      },
      {
        "code": "si"
      },
      {
        "text": "gn\" is pronounced like \"sa\") stuck in the ground. Focus on the pronunciation, not the spelling, from this mnemonic."
      }
    ]
  },
  {
    "letter": "し",
    "picture": {
      "alt": "し hiragana mnemonic",
      "src": "https://files.tofugu.com/articles/japanese/2014-06-30-learn-hiragana/し.jpg"
    },
    "mnemonic": [
      {
        "text": "This kana looks like a giant hook you're dipping into the water. What do you catch? A poor "
      },
      {
        "code": "sea"
      },
      {
        "text": "l (shi)."
      }
    ]
  },
  {
    "letter": "す",
    "picture": {
      "alt": "す hiragana mnemonic",
      "src": "https://files.tofugu.com/articles/japanese/2014-06-30-learn-hiragana/す.jpg"
    },
    "mnemonic": [
      {
        "text": "See the "
      },
      {
        "code": "s"
      },
      {
        "text": "wing (su) doing a loop-dee-loop throwing that poor kid off of it? Imagine him screaming \"I'M GONNA SUE SOMEBODY FOR THIIIIIiiiissss\" as he flies off into the distance."
      }
    ]
  },
  {
    "letter": "せ",
    "picture": {
      "alt": "せ hiragana mnemonic",
      "src": "https://files.tofugu.com/articles/japanese/2014-06-30-learn-hiragana/せ.jpg"
    },
    "mnemonic": [
      {
        "text": "This kana looks like a mouth with a big fang in it. What would someone like this say (se)? How "
      },
      {
        "code": "se"
      },
      {
        "text": "xy is that tooth, btw?"
      }
    ]
  },
  {
    "letter": "そ",
    "picture": {
      "alt": "そ hiragana mnemonic",
      "src": "https://files.tofugu.com/articles/japanese/2014-06-30-learn-hiragana/そ.jpg"
    },
    "mnemonic": [
      {
        "text": "This kana is just a "
      },
      {
        "code": "so"
      },
      {
        "text": "ngbird (so), flapping its little wings while singing a little tune! \""
      },
      {
        "code": "So so so soooo"
      },
      {
        "text": "!\" ♪"
      }
    ]
  },
  {
    "letter": "た",
    "picture": {
      "alt": "た hiragana mnemonic",
      "src": "https://files.tofugu.com/articles/japanese/2014-06-30-learn-hiragana/た.jpg"
    },
    "mnemonic": [
      {
        "text": "This looks just like the romaji that spells it out: \""
      },
      {
        "code": "ta"
      },
      {
        "text": "\""
      }
    ]
  },
  {
    "letter": "ち",
    "picture": {
      "alt": "ち hiragana mnemonic",
      "src": "https://files.tofugu.com/articles/japanese/2014-06-30-learn-hiragana/ち.jpg"
    },
    "mnemonic": [
      {
        "text": "This is the second \"exception\" hiragana. Instead of a \"ti\" sound, it is a \"chi\" sound. Try not to forget this."
      }
    ]
  },
  {
    "letter": "つ",
    "picture": {
      "alt": "つ hiragana mnemonic",
      "src": "https://files.tofugu.com/articles/japanese/2014-06-30-learn-hiragana/つ.jpg"
    },
    "mnemonic": [
      {
        "text": "This is another \"exception\" hiragana. Instead of saying \"tu\" you say \"tsu.\" Try not to forget this."
      }
    ]
  },
  {
    "letter": "て",
    "picture": {
      "alt": "て hiragana mnemonic",
      "src": "https://files.tofugu.com/articles/japanese/2014-06-30-learn-hiragana/て.jpg"
    },
    "mnemonic": [
      {
        "text": "This kana looks like the uppercase letter \"T\" where \"T\" is for \""
      },
      {
        "code": "Te"
      },
      {
        "text": "n.\" How many kana can you learn at one time? I bet at least ten of them (let's start with the next set!)"
      }
    ]
  },
  {
    "letter": "と",
    "picture": {
      "alt": "と hiragana mnemonic",
      "src": "https://files.tofugu.com/articles/japanese/2014-06-30-learn-hiragana/と.jpg"
    },
    "mnemonic": [
      {
        "text": "This kana looks just like someone's "
      },
      {
        "code": "toe"
      },
      {
        "text": " (to) with a little nail or splinter in it. Imagine how much this would hurt if it was your toe!"
      }
    ]
  },
  {
    "letter": "な",
    "picture": {
      "alt": "な hiragana mnemonic",
      "src": "https://files.tofugu.com/articles/japanese/2014-06-30-learn-hiragana/な.jpg"
    },
    "mnemonic": [
      {
        "text": "The "
      },
      {
        "code": "na"
      },
      {
        "text": "ughty (na) nun is praying in front of the cross, asking for forgiveness of her naughty ways."
      }
    ]
  },
  {
    "letter": "に",
    "picture": {
      "alt": "に hiragana mnemonic",
      "src": "https://files.tofugu.com/articles/japanese/2014-06-30-learn-hiragana/に.jpg"
    },
    "mnemonic": [
      {
        "text": "Do you see the "
      },
      {
        "code": "nee"
      },
      {
        "text": "dle (ni) pulling the thread?"
      }
    ]
  },
  {
    "letter": "ぬ",
    "picture": {
      "alt": "ぬ hiragana mnemonic",
      "src": "https://files.tofugu.com/articles/japanese/2014-06-30-learn-hiragana/ぬ.jpg"
    },
    "mnemonic": [
      {
        "text": "This kana looks like some "
      },
      {
        "code": "noo"
      },
      {
        "text": "dles (nu). There are several other kana that are similar to this one (れ, め, ね, わ) but you know this one is noodles because there are no sharp sides in it. It's 100% smooth and bendable, like noodles! It even has an extra loop at the back, because it is a noodle."
      }
    ]
  },
  {
    "letter": "ね",
    "picture": {
      "alt": "ね hiragana mnemonic",
      "src": "https://files.tofugu.com/articles/japanese/2014-06-30-learn-hiragana/ね.png"
    },
    "mnemonic": [
      {
        "text": "This is "
      },
      {
        "code": "Ne"
      },
      {
        "text": "lly the cat. There are other kana very similar to this one (ぬ, れ, め, わ) but you know this is different because it has a loop at the end for the tail and it's not super bendable like ぬ (noodles) is (see those sharp corners on the left?)."
      }
    ]
  },
  {
    "letter": "の",
    "picture": {
      "alt": "の hiragana mnemonic",
      "src": "https://files.tofugu.com/articles/japanese/2014-06-30-learn-hiragana/の.jpg"
    },
    "mnemonic": [
      {
        "text": "See the big pig "
      },
      {
        "code": "no"
      },
      {
        "text": "se (no) there? You can also think of this as a \"No smoking\" sign (the ones with the cigarette and the big red circle and slash through it). Pick the one that sticks with you the best."
      }
    ]
  },
  {
    "letter": "は",
    "picture": {
      "alt": "は hiragana mnemonic",
      "src": "https://files.tofugu.com/articles/japanese/2014-06-30-learn-hiragana/は.png"
    },
    "mnemonic": [
      {
        "text": "This kana looks like the uppercase letter \"H\" plus the lowercase letter \"a.\" What does that spell? \""
      },
      {
        "code": "Ha"
      },
      {
        "text": "!\""
      }
    ]
  },
  {
    "letter": "ひ",
    "picture": {
      "alt": "ひ hiragana mnemonic",
      "src": "https://files.tofugu.com/articles/japanese/2014-06-30-learn-hiragana/ひ.jpg"
    },
    "mnemonic": [
      {
        "code": "He"
      },
      {
        "text": " (hi) has a big nose. See that big nose? Now say it out loud. \"He has a big nose.\""
      }
    ]
  },
  {
    "letter": "ふ",
    "picture": {
      "alt": "ふ hiragana mnemonic",
      "src": "https://files.tofugu.com/articles/japanese/2014-06-30-learn-hiragana/ふ.jpg"
    },
    "mnemonic": [
      {
        "text": "Usually this kana is pronounced with an \"f\" (fu) in hiragana, so we're going to go with that. However, this kana does look a lot like a hula dancer too, so keep the \"hu\" in mind as well. If you want, you can think of this hula dancer as a \""
      },
      {
        "code": "fu"
      },
      {
        "text": "-reaky "
      },
      {
        "code": "hu"
      },
      {
        "text": "la dancer\" to remember the fu."
      }
    ]
  },
  {
    "letter": "へ",
    "picture": {
      "alt": "へ hiragana mnemonic",
      "src": "https://files.tofugu.com/articles/japanese/2014-06-30-learn-hiragana/へ.jpg"
    },
    "mnemonic": [
      {
        "text": "Do you know the famous mountain Mt. Saint "
      },
      {
        "code": "He"
      },
      {
        "text": "lens? This kana isn't totally flat like Helens is, but it's pretty squat looking. That's why this one is Helens."
      }
    ]
  },
  {
    "letter": "ほ",
    "picture": {
      "alt": "ほ hiragana mnemonic",
      "src": "https://files.tofugu.com/articles/japanese/2014-06-30-learn-hiragana/ほ.png"
    },
    "mnemonic": [
      {
        "text": "The left side line is a chimney. The right side is a mutated Santa Claus. He has four arms, a snake tail, and no head. Out of his neck he's uttering \""
      },
      {
        "code": "ho"
      },
      {
        "text": " ho ho… ho ho ho…\""
      }
    ]
  },
  {
    "letter": "ま",
    "picture": {
      "alt": "ま hiragana mnemonic",
      "src": "https://files.tofugu.com/articles/japanese/2014-06-30-learn-hiragana/ま.jpg"
    },
    "mnemonic": [
      {
        "text": "Removing your head? Doubling your hands and arms? What sort of evil "
      },
      {
        "code": "ma"
      },
      {
        "text": "gic is this? What makes it weirder is that your mama is the one doing this magic. Imagine your "
      },
      {
        "code": "ma"
      },
      {
        "text": " looking like this. Aghh!"
      }
    ]
  },
  {
    "letter": "み",
    "picture": {
      "alt": "み hiragana mnemonic",
      "src": "https://files.tofugu.com/articles/japanese/2014-06-30-learn-hiragana/み.jpg"
    },
    "mnemonic": [
      {
        "text": "Looks like lucky number 21. Who just hit the blackjack? "
      },
      {
        "code": "Me"
      },
      {
        "text": " (mi)! Who just turned 21 as well? Me (mi)!!"
      }
    ]
  },
  {
    "letter": "む",
    "picture": {
      "alt": "む hiragana mnemonic",
      "src": "https://files.tofugu.com/articles/japanese/2014-06-30-learn-hiragana/む.jpg"
    },
    "mnemonic": [
      {
        "text": "\""
      },
      {
        "code": "Moooooo"
      },
      {
        "text": "\" (mu), says the cow. \"MOOOOOOO.\""
      }
    ]
  },
  {
    "letter": "め",
    "picture": {
      "alt": "め hiragana mnemonic",
      "src": "https://files.tofugu.com/articles/japanese/2014-06-30-learn-hiragana/め.jpg"
    },
    "mnemonic": [
      {
        "text": "Look at that beautiful eye! It's so beautiful because of the "
      },
      {
        "code": "ma"
      },
      {
        "text": "keup (me) on it. Gotta look pretty in those eyes!"
      }
    ]
  },
  {
    "letter": "も",
    "picture": {
      "alt": "も hiragana mnemonic",
      "src": "https://files.tofugu.com/articles/japanese/2014-06-30-learn-hiragana/も.jpg"
    },
    "mnemonic": [
      {
        "text": "You want to catch "
      },
      {
        "code": "mo"
      },
      {
        "text": "re (も) fish so you add more worms to your hook. This is the third \"hook\" one, so make sure you can differentiate the mnemonics in your head: し, つ, and now も."
      }
    ]
  },
  {
    "letter": "や",
    "picture": {
      "alt": "や hiragana mnemonic",
      "src": "https://files.tofugu.com/articles/japanese/2014-06-30-learn-hiragana/や.jpg"
    },
    "mnemonic": [
      {
        "text": "Do you see the "
      },
      {
        "code": "ya"
      },
      {
        "text": "k in this kana?"
      }
    ]
  },
  {
    "letter": "ゆ",
    "picture": {
      "alt": "ゆ hiragana mnemonic",
      "src": "https://files.tofugu.com/articles/japanese/2014-06-30-learn-hiragana/ゆ.png"
    },
    "mnemonic": [
      {
        "text": "This kana is a very "
      },
      {
        "code": "u"
      },
      {
        "text": "nique (yu) looking fish! It looks like a big eyeball swimming in the water."
      }
    ]
  },
  {
    "letter": "よ",
    "picture": {
      "alt": "よ hiragana mnemonic",
      "src": "https://files.tofugu.com/articles/japanese/2014-06-30-learn-hiragana/よ.jpg"
    },
    "mnemonic": [
      {
        "text": "The hitchhiker has his arm and thumb out. He's yelling \""
      },
      {
        "code": "YO"
      },
      {
        "text": "! yo!\" at all the cars that go past him. Why won't they pick him up?"
      }
    ]
  },
  {
    "letter": "ら",
    "picture": {
      "alt": "ら hiragana mnemonic",
      "src": "https://files.tofugu.com/articles/japanese/2014-06-30-learn-hiragana/ら.png"
    },
    "mnemonic": [
      {
        "text": "The "
      },
      {
        "code": "ra"
      },
      {
        "text": "pper is rapping at the DJ table."
      }
    ]
  },
  {
    "letter": "り",
    "picture": {
      "alt": "り hiragana mnemonic",
      "src": "https://files.tofugu.com/articles/japanese/2014-06-30-learn-hiragana/り.jpg"
    },
    "mnemonic": [
      {
        "text": "The "
      },
      {
        "code": "ree"
      },
      {
        "text": "ds (ri) are swaying in the wind."
      }
    ]
  },
  {
    "letter": "る",
    "picture": {
      "alt": "る hiragana mnemonic",
      "src": "https://files.tofugu.com/articles/japanese/2014-06-30-learn-hiragana/る.jpg"
    },
    "mnemonic": [
      {
        "text": "The is like ろ (you'll learn it in a second) except it has a loop at the end. る is a crazier route (ru). There is a loop (ru) at the end. Are there no rules on this road?"
      }
    ]
  },
  {
    "letter": "れ",
    "picture": {
      "alt": "れ hiragana mnemonic",
      "src": "https://files.tofugu.com/articles/japanese/2014-06-30-learn-hiragana/れ.jpg"
    },
    "mnemonic": [
      {
        "text": "This looks like a guy kneeling on the ground, "
      },
      {
        "code": "re"
      },
      {
        "text": "tching up his dinner."
      }
    ]
  },
  {
    "letter": "ろ",
    "picture": {
      "alt": "ろ hiragana mnemonic",
      "src": "https://files.tofugu.com/articles/japanese/2014-06-30-learn-hiragana/ろ.jpg"
    },
    "mnemonic": [
      {
        "text": "This is the counterpart to る, except this one doesn't have a loop at the end (there are rules here!). So, this kana is just a plain old road (ro)."
      }
    ]
  },
  {
    "letter": "わ",
    "picture": {
      "alt": "わ hiragana mnemonic",
      "src": "https://files.tofugu.com/articles/japanese/2014-06-30-learn-hiragana/わ.png"
    },
    "mnemonic": [
      {
        "text": "This kana looks like a "
      },
      {
        "code": "wa"
      },
      {
        "text": "sp flying straight up."
      }
    ]
  },
  {
    "letter": "を",
    "picture": {
      "alt": "を hiragana mnemonic",
      "src": "https://files.tofugu.com/articles/japanese/2014-06-30-learn-hiragana/を.jpg"
    },
    "mnemonic": [
      {
        "text": "The \"w\" is pretty silent, though it's still a tiny bit there. You can pretty much just pronounce it like お."
      }
    ]
  },
  {
    "letter": "ん",
    "picture": {
      "alt": "ん hiragana mnemonic",
      "src": "https://files.tofugu.com/articles/japanese/2014-06-30-learn-hiragana/ん.jpg"
    },
    "mnemonic": [
      {
        "text": "This kana looks just like the lowercase \""
      },
      {
        "code": "n"
      },
      {
        "text": "\" in English. They happen to be the same sounds, as well. How convenient! nnnんんん."
      }
    ]
  }
]